City_ID,City,Country,Lat,Lng,Max Temp,Humidity,Cloudiness,Wind Speed,Current Description
0,Akdepe,TM,42.0551,59.3788,75.29,28,0,10.07,clear sky
1,Mataura,NZ,-46.1927,168.8643,43.48,95,80,2.82,broken clouds
2,Tashla,RU,51.7716,52.7427,74.03,51,9,4.38,clear sky
3,Touros,BR,-5.1989,-35.4608,79.7,74,5,19.42,clear sky
4,Nyurba,RU,63.2842,118.3319,63.18,60,100,4.99,overcast clouds
5,Ushuaia,AR,-54.8,-68.3,46.06,46,20,17.27,few clouds
6,Ust-Maya,RU,60.4167,134.5333,63.63,61,95,4.76,overcast clouds
7,Marathon,US,44.9,-89.7668,75.24,47,75,11.5,broken clouds
8,Waipawa,NZ,-41.4122,175.5153,49.46,76,94,3.76,overcast clouds
9,Hermanus,ZA,-34.4187,19.2345,56.89,79,94,2.19,overcast clouds
10,Atuona,PF,-9.8,-139.0333,77.11,69,31,11.18,scattered clouds
11,Aswan,EG,24.0934,32.907,94.3,13,0,4.61,clear sky
12,Kapaa,US,22.0752,-159.319,84.18,77,90,3.0,light rain
13,Rikitea,PF,-23.1203,-134.9692,69.31,58,53,22.48,broken clouds
14,Busselton,AU,-33.65,115.3333,53.98,60,92,9.17,overcast clouds
15,Vaini,TO,-21.2,-175.2,73.56,83,40,21.85,scattered clouds
16,Avarua,CK,-21.2078,-159.775,75.25,94,75,11.5,moderate rain
17,Lagoa,PT,39.05,-27.9833,72.12,95,43,16.15,scattered clouds
18,Ossora,RU,59.2353,163.0719,53.92,71,100,6.71,overcast clouds
19,San Vicente,AR,-26.6167,-54.1333,52.63,66,10,2.04,clear sky
20,Lerici,IT,44.0759,9.9112,75.65,73,34,16.64,scattered clouds
21,Pangnirtung,CA,66.1451,-65.7125,53.29,70,100,2.89,overcast clouds
22,Taksimo,RU,56.3444,114.8794,54.27,96,100,2.66,light rain
23,Castro,BR,-24.7911,-50.0119,48.43,85,67,2.39,broken clouds
24,Cabo San Lucas,MX,22.8909,-109.9124,93.61,68,20,5.01,few clouds
25,Punta Arenas,CL,-53.15,-70.9167,42.91,75,40,17.27,scattered clouds
26,Tahe,CN,52.3333,124.7333,51.6,88,2,3.0,clear sky
27,Yellowknife,CA,62.456,-114.3525,87.33,28,20,3.44,few clouds
28,Los Llanos De Aridane,ES,28.6585,-17.9182,69.12,67,75,19.57,broken clouds
29,Port Lincoln,AU,-34.7333,135.8667,52.34,50,19,25.59,few clouds
30,Jamestown,US,42.097,-79.2353,70.3,66,20,4.0,few clouds
31,Saskylakh,RU,71.9167,114.0833,72.07,46,0,3.38,clear sky
32,Kirakira,SB,-10.4544,161.9205,78.39,75,88,8.48,overcast clouds
33,Kaeo,NZ,-35.1,173.7833,61.32,79,42,7.16,scattered clouds
34,Axim,GH,4.8699,-2.2405,75.88,89,21,5.48,few clouds
35,Angoram,PG,-4.0625,144.0661,74.84,95,29,2.19,scattered clouds
36,Albany,US,42.6001,-73.9662,73.51,76,86,7.0,overcast clouds
37,Carnarvon,AU,-24.8667,113.6333,48.27,66,0,10.36,clear sky
38,Constitucion,CL,-35.3333,-72.4167,55.38,66,0,10.78,clear sky
39,Zenzeli,RU,45.9241,47.0474,77.99,57,0,6.67,clear sky
40,Manubul,PH,5.4732,120.7986,83.19,78,100,10.71,overcast clouds
41,Paragominas,BR,-2.9667,-47.4833,77.85,59,90,3.94,overcast clouds
42,Bredasdorp,ZA,-34.5322,20.0403,56.52,77,83,3.44,broken clouds
43,Tiksi,RU,71.6872,128.8694,47.37,71,20,4.52,few clouds
44,Norman Wells,CA,65.282,-126.8329,87.84,23,40,4.61,smoke
45,Chokurdakh,RU,70.6333,147.9167,40.77,66,30,8.1,scattered clouds
46,Hobart,AU,-42.8794,147.3294,41.11,86,0,1.01,clear sky
47,Nikolskoye,RU,59.7035,30.7861,63.01,91,26,4.9,scattered clouds
48,Porto Belo,BR,-27.1578,-48.5531,62.58,81,96,2.15,overcast clouds
49,Hilo,US,19.7297,-155.09,79.79,77,75,1.99,light rain
50,Tuatapere,NZ,-46.1333,167.6833,43.83,89,100,4.21,overcast clouds
51,Yertsevo,RU,60.7966,40.086,56.98,99,72,7.0,broken clouds
52,Upernavik,GL,72.7868,-56.1549,42.84,80,23,12.37,few clouds
53,Sao Filipe,CV,14.8961,-24.4956,76.01,76,10,6.38,clear sky
54,Port Hedland,AU,-20.3167,118.5667,60.85,41,0,13.8,clear sky
55,Bluff,NZ,-46.6,168.3333,43.81,84,97,7.09,overcast clouds
56,Thompson,CA,55.7435,-97.8558,84.36,30,20,4.61,smoke
57,Pisco,PE,-13.7,-76.2167,66.25,72,0,11.5,clear sky
58,San Patricio,US,28.017,-97.5169,95.18,48,99,16.55,overcast clouds
59,Bathsheba,BB,13.2167,-59.5167,83.01,74,20,11.5,few clouds
60,Inhambane,MZ,-23.865,35.3833,64.02,77,0,6.11,clear sky
61,Deputatskiy,RU,69.3,139.9,43.57,71,6,5.1,clear sky
62,Puerto Ayora,EC,-0.7393,-90.3518,78.76,88,51,7.0,broken clouds
63,Cidreira,BR,-30.1811,-50.2056,57.18,91,88,7.0,overcast clouds
64,Saint-Philippe,RE,-21.3585,55.7679,67.55,77,49,9.08,scattered clouds
65,Omaruru,NA,-21.4333,15.9333,58.84,27,0,9.15,clear sky
66,Arraial Do Cabo,BR,-22.9661,-42.0278,64.26,77,0,9.22,clear sky
67,Rocha,UY,-34.4833,-54.3333,46.08,93,2,4.25,clear sky
68,Asau,RO,46.4333,26.4,74.32,87,0,5.17,light rain
69,Erding,DE,48.306,11.9069,58.3,94,40,6.91,light rain
70,Klaksvik,FO,62.2266,-6.589,47.32,82,57,7.47,broken clouds
71,Dikson,RU,73.5069,80.5464,39.7,99,99,8.08,overcast clouds
72,Nenjiang,CN,49.1833,125.2167,56.59,90,98,3.29,overcast clouds
73,Quatre Cocos,MU,-20.2078,57.7625,67.08,68,52,15.61,broken clouds
74,Sibolga,ID,1.7427,98.7792,74.66,88,100,2.53,overcast clouds
75,Pontes E Lacerda,BR,-15.2261,-59.3353,77.34,25,0,5.77,clear sky
76,Ilulissat,GL,69.2167,-51.1,62.62,34,0,11.5,clear sky
77,Awbari,LY,26.5921,12.7805,89.74,10,0,5.53,clear sky
78,Prince Rupert,CA,54.3161,-130.3201,62.69,87,75,6.91,broken clouds
79,Goundam,ML,16.4145,-3.6708,91.92,39,3,10.31,clear sky
80,Santa Maria,BR,-29.6842,-53.8069,52.9,87,0,2.3,clear sky
81,Iqaluit,CA,63.7506,-68.5145,53.33,76,90,3.0,overcast clouds
82,Komsomolskiy,UZ,40.4272,71.7189,78.22,27,100,2.73,overcast clouds
83,Shache,CN,38.4167,77.2406,74.05,42,100,11.59,overcast clouds
84,Bambous Virieux,MU,-20.3428,57.7575,67.21,94,75,8.05,light intensity shower rain
85,Sao Joao Da Barra,BR,-21.6403,-41.0511,66.76,66,92,8.23,overcast clouds
86,Dunedin,NZ,-45.8742,170.5036,49.8,78,98,17.0,overcast clouds
87,Baihar,IN,22.1,80.55,70.99,92,100,8.25,overcast clouds
88,Dingle,PH,10.9995,122.6711,77.95,87,100,8.9,overcast clouds
89,Hovd,MN,48.0056,91.6419,53.94,64,4,2.26,clear sky
90,Santa Fe,AR,-31.6333,-60.7,61.02,45,0,1.01,clear sky
91,Siilinjarvi,FI,63.0833,27.6667,60.82,88,20,5.75,few clouds
92,De-Kastri,RU,51.4667,140.7833,58.08,84,96,1.54,overcast clouds
93,Launceston,AU,-41.45,147.1667,40.15,97,90,9.22,overcast clouds
94,Ouesso,CG,1.6136,16.0517,72.7,91,97,2.55,overcast clouds
95,Vestmannaeyjar,IS,63.4427,-20.2734,54.12,91,94,8.34,overcast clouds
96,Nanyamba,TZ,-10.6833,39.8333,64.08,94,61,4.47,broken clouds
97,New Norfolk,AU,-42.7826,147.0587,38.7,84,20,2.46,few clouds
98,Dong Hoi,VN,17.4833,106.6,83.34,71,100,10.42,overcast clouds
99,San Diego De Los Banos,CU,22.6467,-83.3697,87.44,63,61,4.21,light rain
100,Znamenskoye,RU,57.1281,73.8282,60.51,99,84,4.88,broken clouds
101,Cairns,AU,-16.9167,145.7667,71.55,88,60,6.91,broken clouds
102,Sitka,US,57.0531,-135.33,64.29,72,75,5.75,broken clouds
103,Saint-Augustin,CA,51.226,-58.6502,62.89,71,88,18.16,overcast clouds
104,Omboue,GA,-1.5746,9.2618,75.22,81,99,9.55,overcast clouds
105,Cape Town,ZA,-33.9258,18.4232,57.11,83,20,1.14,few clouds
106,Clyde River,CA,70.4692,-68.5914,44.83,81,75,18.41,broken clouds
107,Sharjah,AE,25.3573,55.4033,92.25,49,0,4.61,clear sky
108,Kavieng,PG,-2.5744,150.7967,82.71,75,3,9.24,clear sky
109,Kruisfontein,ZA,-34.0033,24.7314,56.88,77,86,17.05,overcast clouds
110,Magadan,RU,59.5667,150.8,53.01,53,2,19.75,clear sky
111,Chulym,RU,55.0997,80.9572,57.45,92,43,4.54,scattered clouds
112,Banda Aceh,ID,5.5577,95.3222,79.74,73,99,15.48,overcast clouds
113,Qeshm,IR,26.9581,56.2719,93.07,75,29,6.8,scattered clouds
114,Kodiak,US,57.79,-152.4072,60.31,77,75,6.91,broken clouds
115,Luderitz,NA,-26.6481,15.1594,65.52,37,0,5.95,clear sky
116,Manresa,ES,41.725,1.8266,71.67,68,97,3.0,overcast clouds
117,Emba,KZ,48.8264,58.1442,80.2,35,12,9.37,few clouds
118,Fortuna,US,40.5982,-124.1573,85.42,68,40,3.0,scattered clouds
119,Weligama,LK,5.9667,80.4167,77.99,87,100,9.42,overcast clouds
120,Puerto Escondido,MX,15.85,-97.0667,92.23,55,75,4.61,broken clouds
121,Berlin,DE,52.5244,13.4105,62.98,89,0,8.01,clear sky
122,Kudat,MY,6.8837,116.8477,76.93,94,20,4.61,few clouds
123,Belyy Yar,RU,53.6039,91.3903,53.49,94,0,4.47,clear sky
124,Chuy,UY,-33.6971,-53.4616,49.62,93,23,5.77,few clouds
125,Ruidoso,US,33.3317,-105.673,75.96,80,75,10.36,light rain
126,Ribeira Grande,PT,38.5167,-28.7,73.29,94,59,14.67,broken clouds
127,Sinnamary,GF,5.3833,-52.95,79.56,80,54,7.96,broken clouds
128,Leningradskiy,RU,69.3833,178.4167,35.35,94,100,18.5,light rain
129,Sobolevo,RU,54.4299,31.8996,65.39,76,100,5.17,light rain
130,Shimoda,JP,34.6667,138.95,86.11,74,3,1.97,clear sky
131,Ponta Do Sol,PT,32.6667,-17.1,72.23,69,1,7.31,clear sky
132,Marzuq,YE,14.4,46.4667,81.64,52,97,6.89,overcast clouds
133,Bridgetown,BB,13.1,-59.6167,82.89,74,20,11.5,few clouds
134,Campoverde,PE,-8.4753,-74.8058,83.89,49,33,1.7,scattered clouds
135,Bara,NG,10.3744,10.7288,73.36,95,100,1.92,moderate rain
136,Waddan,LY,29.1614,16.139,86.76,23,0,13.0,clear sky
137,Hasaki,JP,35.7333,140.8333,82.62,84,13,6.29,few clouds
138,Itamarandiba,BR,-17.8572,-42.8589,53.69,75,13,3.8,few clouds
139,Marsh Harbour,BS,26.5412,-77.0636,85.01,71,68,9.91,broken clouds
140,Half Moon Bay,US,37.4636,-122.4286,88.92,62,20,1.01,few clouds
141,Kokopo,PG,-4.352,152.2633,79.03,84,7,10.42,clear sky
142,Bengkulu,ID,-3.8004,102.2655,73.87,89,97,4.21,overcast clouds
143,Agadir,MA,30.4202,-9.5982,66.65,72,0,5.77,clear sky
144,Butaritari,KI,3.0707,172.7902,83.17,69,10,10.38,clear sky
145,Silver City,US,32.7701,-108.2803,78.76,62,1,4.61,light rain
146,Alofi,NU,-19.0595,-169.9187,80.49,61,60,19.57,broken clouds
147,Goulburn,AU,-34.75,149.7167,32.65,89,0,2.62,clear sky
148,East London,ZA,-33.0153,27.9116,62.8,60,29,19.93,scattered clouds
149,Mar Del Plata,AR,-38.0023,-57.5575,46.09,31,90,3.0,mist
150,Betong,TH,5.7743,101.0723,70.86,99,94,1.81,overcast clouds
151,Tynne,UA,50.6015,26.1849,63.75,76,70,10.2,broken clouds
152,Ariquemes,BR,-9.9133,-63.0408,82.51,34,3,2.53,clear sky
153,Brae,GB,60.3964,-1.353,49.91,79,100,12.73,overcast clouds
154,Slidell,US,30.2752,-89.7812,93.31,61,1,1.01,clear sky
155,Port Keats,AU,-14.25,129.55,72.95,90,74,4.94,broken clouds
156,Khatanga,RU,71.9667,102.5,62.56,72,46,9.64,scattered clouds
157,Kahului,US,20.8947,-156.47,85.26,62,20,28.77,few clouds
158,Nantucket,US,41.2835,-70.0995,73.51,72,1,9.22,clear sky
159,Hithadhoo,MV,-0.6,73.0833,81.07,72,91,6.98,overcast clouds
160,Omsukchan,RU,62.5333,155.8,34.74,100,100,8.72,light rain
161,Inirida,CO,3.8653,-67.9239,75.36,94,54,2.75,broken clouds
162,Voh,NC,-20.9667,164.7,68.99,50,1,5.03,clear sky
163,Esperance,AU,-33.8667,121.9,53.24,64,56,23.02,broken clouds
164,Novovarshavka,RU,54.1721,74.6946,65.37,72,44,7.96,scattered clouds
165,Shanghai,CN,31.2222,121.4581,82.26,94,75,4.47,light rain
166,Aland,IN,17.5667,76.5667,72.68,83,82,16.08,broken clouds
167,Kotlas,RU,61.2611,46.6556,58.46,99,99,6.11,moderate rain
168,Jacareacanga,BR,-6.2222,-57.7528,88.65,30,33,2.53,scattered clouds
169,Kumukh,RU,42.1704,47.1161,59.05,79,99,6.06,overcast clouds
170,Arroio Do Meio,BR,-29.4011,-51.945,58.32,69,1,0.4,clear sky
171,Thinadhoo,MV,0.5333,72.9333,81.68,72,98,5.03,overcast clouds
172,Severo-Kurilsk,RU,50.6789,156.125,55.53,73,0,14.61,clear sky
173,Kaitangata,NZ,-46.2817,169.8464,45.75,93,32,4.5,scattered clouds
174,Santiago,CL,-33.4569,-70.6483,76.44,18,0,0.0,clear sky
175,Meulaboh,ID,4.1363,96.1285,74.75,89,100,5.32,overcast clouds
176,Porbandar,IN,21.6422,69.6093,81.23,83,100,21.27,overcast clouds
177,Orsha,BY,54.5153,30.4053,67.15,66,100,6.2,overcast clouds
178,Victoria,HK,22.2855,114.1577,85.32,89,93,3.0,overcast clouds
179,Souillac,MU,-20.5167,57.5167,67.35,94,75,8.05,light intensity shower rain
180,Tasiilaq,GL,65.6145,-37.6368,53.76,76,38,4.83,scattered clouds
181,Padang,ID,-0.9492,100.3543,74.71,91,98,5.73,overcast clouds
182,Cherat,PK,33.8233,71.8915,76.91,61,60,3.96,broken clouds
183,Saldanha,ZA,-33.0117,17.9442,46.45,88,71,8.93,broken clouds
184,San Jeronimo,PE,-11.9472,-75.2829,55.06,53,92,6.29,overcast clouds
185,Pyaozerskiy,RU,65.8333,31.1667,55.74,93,100,4.25,overcast clouds
186,Vanersborg,SE,58.3807,12.3234,56.66,92,75,5.75,broken clouds
187,Pemangkat,ID,1.1667,108.9667,78.93,86,98,7.92,overcast clouds
188,Port Elizabeth,ZA,-33.918,25.5701,61.09,72,75,29.93,broken clouds
189,Vysokogornyy,RU,50.1167,139.15,63.39,84,87,2.89,overcast clouds
190,Barrow,US,71.2906,-156.7887,51.82,79,90,19.57,overcast clouds
191,Iralaya,HN,15.0,-83.2333,86.09,77,18,10.45,few clouds
192,Kupang,ID,-10.1667,123.5833,75.78,88,20,6.91,few clouds
193,Morro Bay,US,35.3658,-120.8499,93.38,58,17,8.01,few clouds
194,Kalmunai,LK,7.4167,81.8167,80.47,74,100,3.09,overcast clouds
195,Mumford,GH,5.2618,-0.759,75.13,92,36,6.71,scattered clouds
196,Canakkale,TR,40.0833,26.8333,77.61,46,0,3.85,clear sky
197,Cherskiy,RU,68.75,161.3,36.93,82,97,18.99,overcast clouds
198,Port Hardy,CA,50.6996,-127.4199,64.58,77,20,13.8,few clouds
199,Abu Dhabi,AE,24.4667,54.3667,91.51,66,0,4.61,clear sky
200,Kavaratti,IN,10.5669,72.642,82.08,77,77,15.86,broken clouds
201,Calama,CL,-22.4667,-68.9333,66.69,15,93,17.27,overcast clouds
202,Lorengau,PG,-2.0226,147.2712,84.27,73,35,11.03,scattered clouds
203,Dromolaxia,CY,34.8761,33.586,85.68,45,0,6.91,clear sky
204,Prince George,CA,53.9166,-122.753,76.44,60,1,3.44,haze
205,Pinheiro Machado,BR,-31.5783,-53.3811,44.06,96,0,3.69,clear sky
206,Qaanaaq,GL,77.484,-69.3632,42.93,82,89,1.1,overcast clouds
207,Suluq,LY,31.6682,20.2521,83.55,43,0,8.14,clear sky
208,Kiama,AU,-34.6833,150.8667,53.01,88,6,4.16,clear sky
209,Dongsheng,CN,39.8161,109.9776,60.3,63,17,9.73,few clouds
210,College,US,64.8569,-147.8028,77.32,53,75,0.0,broken clouds
211,Nishihara,JP,26.1842,127.7558,82.06,89,75,18.41,broken clouds
212,Torbay,CA,47.6666,-52.7314,67.68,69,40,14.97,scattered clouds
213,Boende,CD,-0.2167,20.8667,73.45,75,100,3.06,overcast clouds
214,Tucurui,BR,-3.7661,-49.6725,83.5,49,78,2.21,broken clouds
215,Husavik,IS,66.0449,-17.3389,53.51,73,59,2.15,broken clouds
216,Humaita,BR,-7.5061,-63.0208,85.33,35,5,3.2,clear sky
217,Birsk,RU,55.4211,55.5428,62.89,70,99,1.79,overcast clouds
218,Avera,US,33.194,-82.5271,96.91,37,51,13.51,broken clouds
219,Pevek,RU,69.7008,170.3133,33.46,97,100,14.38,overcast clouds
220,Hualmay,PE,-11.0964,-77.6139,66.33,76,11,9.4,few clouds
221,Provideniya,RU,64.3833,-173.3,42.91,75,90,20.13,light rain
222,Sainte-Suzanne,RE,-20.9061,55.6089,68.18,68,0,14.97,clear sky
223,Porto Novo,BJ,6.4965,2.6036,78.62,87,45,5.08,scattered clouds
224,Mnogovershinnyy,RU,53.9353,139.9242,56.25,75,99,2.3,overcast clouds
225,Ballina,AU,-28.8667,153.5667,64.78,83,63,12.1,broken clouds
226,Paamiut,GL,61.994,-49.6678,47.34,90,100,3.4,overcast clouds
227,Vanimo,PG,-2.6741,141.3028,78.04,88,29,4.94,light rain
228,Bairnsdale,AU,-37.8333,147.6167,43.07,78,3,1.99,clear sky
229,Yatou,CN,37.15,122.3833,73.94,88,0,2.39,light rain
230,Longyearbyen,SJ,78.2186,15.6401,44.44,76,75,13.8,light rain
231,Truckee,US,39.328,-120.1833,88.09,30,40,5.75,scattered clouds
232,Vila,PT,42.0304,-8.1588,55.74,93,100,1.54,overcast clouds
233,San Cristobal,VE,7.7669,-72.225,78.98,89,76,6.13,broken clouds
234,Kudahuvadhoo,MV,2.6708,72.8944,82.22,72,100,6.96,overcast clouds
235,Cortez,US,37.3489,-108.5859,87.51,45,40,11.5,thunderstorm
236,Puerto Carreno,CO,6.189,-67.4859,76.77,83,99,4.97,overcast clouds
237,Salalah,OM,17.0151,54.0924,77.09,94,90,5.75,overcast clouds
238,Anadyr,RU,64.75,177.4833,48.7,76,40,6.71,light rain
239,Port Alfred,ZA,-33.5906,26.891,60.84,83,36,25.93,scattered clouds
240,Lebu,CL,-37.6167,-73.65,50.88,75,37,19.08,scattered clouds
241,Egvekinot,RU,66.3167,-179.1667,42.87,62,53,1.57,broken clouds
242,Vernon,CA,50.2581,-119.2691,77.76,68,100,1.14,light rain
243,Davila,PH,18.4726,120.5763,81.18,88,100,24.85,overcast clouds
244,Whitehorse,CA,60.7161,-135.0538,83.17,24,20,3.44,few clouds
245,Manggar,ID,-2.8833,108.2667,80.6,75,76,9.73,broken clouds
246,Carutapera,BR,-1.195,-46.02,75.06,88,76,2.21,broken clouds
247,Oktyabrskoye,RU,43.0645,44.7417,64.54,88,73,6.71,broken clouds
248,Sorong,ID,-0.8833,131.25,78.37,89,30,10.0,light rain
249,Sao Borja,BR,-28.6606,-56.0044,57.36,68,0,5.75,clear sky
250,Mersing,MY,2.4312,103.8405,75.11,94,52,3.44,broken clouds
251,Vardo,NO,70.3705,31.1107,55.6,96,100,8.7,overcast clouds
252,Humberto De Campos,BR,-2.5983,-43.4611,76.41,79,94,5.48,overcast clouds
253,San Quintin,MX,30.4833,-115.95,78.31,58,3,15.68,clear sky
254,Nouakchott,MR,18.0858,-15.9785,78.73,83,92,12.39,overcast clouds
255,Constantine,DZ,36.365,6.6147,72.81,78,0,10.36,clear sky
256,Payo,ID,-3.7508,103.6372,70.61,97,92,1.88,overcast clouds
257,Nefteyugansk,RU,61.0998,72.6035,59.25,96,100,11.92,light rain
258,Divnoye,RU,45.9089,43.3547,79.86,40,1,6.85,clear sky
259,Naze,JP,28.3667,129.4833,81.52,86,89,12.93,overcast clouds
260,Nizwa,OM,22.9333,57.5333,87.8,47,100,3.51,overcast clouds
261,Leshan,CN,29.5623,103.7639,73.22,82,0,1.45,clear sky
262,Katsuura,JP,35.1333,140.3,85.1,78,3,5.26,clear sky
263,Sinop,TR,41.7711,34.8709,65.05,74,0,4.18,clear sky
264,Hobyo,SO,5.3505,48.5268,77.4,80,6,22.7,clear sky
265,Carahue,CL,-38.7,-73.1667,53.8,80,12,2.53,few clouds
266,Oranjemund,NA,-28.55,16.4333,56.89,75,2,7.76,clear sky
267,Novo Aripuana,BR,-5.1206,-60.3797,85.87,37,61,1.01,broken clouds
268,Agirish,RU,61.9247,63.0231,54.07,96,67,6.76,broken clouds
269,Olinda,BR,-8.0089,-34.8553,76.73,73,75,17.27,broken clouds
270,Wladyslawowo,PL,54.7909,18.4009,63.93,89,100,10.13,overcast clouds
271,Mount Isa,AU,-20.7333,139.5,64.17,52,15,0.0,few clouds
272,Las Cruces,US,32.3123,-106.7783,95.0,33,1,1.01,clear sky
273,Muncar,ID,-8.4333,114.3333,73.85,89,42,1.36,scattered clouds
274,Lakatoro,VU,-16.0999,167.4164,73.22,60,45,8.3,scattered clouds
275,Mulege,MX,26.8833,-111.9833,96.01,46,8,12.12,clear sky
276,Faya,SA,18.3851,42.4509,66.31,67,97,2.91,overcast clouds
277,Kalino,RU,58.2504,57.6085,56.03,95,98,3.38,overcast clouds
278,Bridlington,GB,54.0831,-0.1919,55.85,74,6,11.32,clear sky
279,Ust-Barguzin,RU,53.45,108.9833,54.84,90,33,3.6,scattered clouds
280,Itoigawa,JP,37.0333,137.85,82.44,74,88,2.21,overcast clouds
281,Grand Gaube,MU,-20.0064,57.6608,67.37,82,23,1.01,light rain
282,Abu Zabad,SD,12.35,29.25,74.01,75,95,10.25,overcast clouds
283,Hukuntsi,BW,-24.0,21.75,50.77,35,0,6.69,clear sky
284,Makakilo City,US,21.3469,-158.0858,88.12,46,20,13.8,few clouds
285,Villa Bisono,DO,19.5638,-70.8758,89.1,62,100,11.99,overcast clouds
286,Ixtapa,MX,20.7,-105.2,90.23,66,20,10.36,few clouds
287,Poum,NC,-20.2333,164.0167,68.9,57,2,13.31,clear sky
288,Sfantu Gheorghe,RO,45.8667,25.7833,75.27,76,3,2.8,clear sky
289,Jiwani,PK,25.05,61.7417,81.7,87,99,15.12,overcast clouds
290,Trebinje,BA,42.7119,18.3442,82.76,30,0,10.36,clear sky
291,Terme,TR,41.2092,36.9739,69.73,78,0,6.13,clear sky
292,Adrar,MR,20.5022,-10.0711,95.02,25,29,8.43,scattered clouds
293,Batticaloa,LK,7.7102,81.6924,80.92,72,100,5.93,overcast clouds
294,Eureka,US,40.8021,-124.1637,85.68,71,58,8.99,broken clouds
295,Gushikawa,JP,26.3544,127.8686,81.99,83,40,11.5,scattered clouds
296,Udachnyy,RU,66.4167,112.4,70.16,42,30,4.21,scattered clouds
297,Dosso,NE,13.049,3.1937,83.75,62,90,13.85,overcast clouds
298,Calamar,CO,10.2511,-74.9146,89.55,73,98,10.8,overcast clouds
299,Constanza,DE,47.6603,9.1758,59.32,91,95,3.24,overcast clouds
300,Richards Bay,ZA,-28.783,32.0377,62.6,60,4,4.18,clear sky
301,Bonfim,BR,3.0833,-59.95,77.09,85,89,5.32,overcast clouds
302,Nago,JP,26.5881,127.9761,82.83,89,97,12.06,overcast clouds
303,Mehamn,NO,71.0357,27.8492,44.96,95,100,19.57,overcast clouds
304,Ayame,CI,5.6083,-3.1563,72.9,92,12,2.46,few clouds
305,Camacari,BR,-12.6975,-38.3242,74.97,83,20,8.19,few clouds
306,Ostrovnoy,RU,68.0531,39.5131,48.79,90,17,8.3,few clouds
307,Bilibino,RU,68.0546,166.4372,43.47,53,73,6.82,broken clouds
308,Wajima,JP,37.4,136.9,81.23,79,52,2.59,broken clouds
309,Katherine,AU,-14.4667,132.2667,68.32,77,11,3.44,few clouds
310,Fernley,US,39.608,-119.2518,94.05,24,5,13.98,clear sky
311,Hervey Bay,AU,-25.2986,152.8535,66.31,93,3,3.0,clear sky
312,Merauke,ID,-8.4667,140.3333,74.07,82,8,12.64,clear sky
313,Barra Do Garcas,BR,-15.89,-52.2567,79.21,29,5,3.11,clear sky
314,Vao,NC,-22.6667,167.4833,66.47,58,59,9.46,broken clouds
315,Port Blair,IN,11.6667,92.75,81.82,81,100,19.01,overcast clouds
316,Neiafu,TO,-18.65,-173.9833,77.68,65,20,12.66,few clouds
317,Tual,ID,-5.6667,132.75,81.27,78,53,12.17,broken clouds
318,Klaipeda,LT,55.7172,21.1175,64.45,78,100,8.48,overcast clouds
319,Santiago De Cao,PE,-7.9589,-79.2392,64.53,88,90,11.5,fog
320,Maragogi,BR,-9.0122,-35.2225,73.74,79,14,14.9,few clouds
321,Xiaoweizhai,CN,26.1903,107.5125,70.54,91,11,2.82,few clouds
322,Chengde,CN,40.9725,117.9361,64.17,92,11,2.82,few clouds
323,Cayenne,GF,4.9333,-52.3333,83.08,79,0,1.99,clear sky
324,Snezhnogorsk,RU,69.1933,33.2531,53.38,77,96,7.49,overcast clouds
325,Naryan-Mar,RU,67.6713,53.087,49.41,90,89,8.12,overcast clouds
326,Aloleng,PH,16.1307,119.7824,82.13,84,100,20.76,overcast clouds
327,Komagane,JP,35.7296,137.9396,75.18,90,17,1.16,few clouds
328,Mount Gambier,AU,-37.8333,140.7667,43.97,85,14,11.36,few clouds
329,Labuhan,ID,-6.8844,112.2051,76.37,78,11,9.8,few clouds
330,Ramsgate,GB,51.3358,1.4155,58.91,88,97,1.99,overcast clouds
331,Havre-Saint-Pierre,CA,50.2334,-63.5986,59.36,82,75,13.8,broken clouds
332,Yerbogachen,RU,61.2767,108.0108,59.52,65,100,5.19,overcast clouds
333,Kitimat,CA,54.0524,-128.6534,82.78,46,13,3.89,few clouds
334,Saint-Pierre,RE,-21.3393,55.4781,67.64,69,36,5.75,scattered clouds
335,Northam,GB,51.0333,-4.2167,58.14,89,10,7.78,clear sky
336,Presidencia Roque Saenz Pena,AR,-26.7852,-60.4388,61.0,38,0,5.08,clear sky
337,Tessalit,ML,20.1986,1.0114,87.06,40,6,12.19,clear sky
338,Lasa,IT,46.6166,10.7002,54.86,95,83,6.76,broken clouds
339,Lompoc,US,34.6391,-120.4579,91.13,61,1,16.11,clear sky
340,Haines Junction,CA,60.7522,-137.5108,80.55,32,20,6.91,few clouds
341,Muborak,UZ,39.2553,65.1528,82.38,16,0,9.04,clear sky
342,Okhotsk,RU,59.3833,143.3,61.72,52,0,9.53,clear sky
343,Abu Kamal,SY,34.4506,40.9171,93.11,15,0,8.28,clear sky
344,Hastings,GB,50.8552,0.5729,61.29,99,51,5.48,broken clouds
345,Trairi,BR,-3.2778,-39.2689,78.35,75,99,10.67,overcast clouds
346,Akyab,MM,20.15,92.9,79.75,87,100,3.74,overcast clouds
347,Changji,CN,44.0167,87.3167,68.79,45,0,8.95,clear sky
348,Batu Berendam,MY,2.2487,102.246,77.05,100,20,0.0,few clouds
349,Laguna,US,38.421,-121.4238,105.24,29,1,5.99,clear sky
350,Churapcha,RU,62.0025,132.4325,66.79,36,39,10.07,scattered clouds
351,Abapo,BO,-18.8333,-63.4667,58.68,28,100,3.36,overcast clouds
352,Nicolas Bravo,MX,18.45,-88.9167,86.88,49,80,7.34,broken clouds
353,Krasnogvardeyets,RU,52.6804,52.3635,72.01,45,99,4.94,overcast clouds
354,Oksfjord,NO,70.2396,22.3479,48.27,84,95,5.21,overcast clouds
355,Hami,CN,42.8,93.45,68.02,46,66,5.53,broken clouds
356,Isangel,VU,-19.55,169.2667,69.91,83,75,5.75,broken clouds
357,Kidodi,TZ,-7.6036,37.0044,67.71,74,10,1.36,clear sky
358,Dodge City,US,37.7528,-100.0171,84.45,38,1,8.99,haze
359,Kenai,US,60.5544,-151.2583,73.02,53,1,9.22,clear sky
360,Kuusamo,FI,65.9667,29.1833,57.24,94,0,3.44,clear sky
361,Portland,US,45.5234,-122.6762,95.45,40,20,3.0,few clouds
362,Limbang,MY,4.75,115.0,77.31,96,100,1.25,moderate rain
363,Somers,US,42.6403,-87.9104,77.4,56,1,10.36,haze
364,Mabaruma,GY,8.2,-59.7833,76.75,94,15,3.42,few clouds
365,Reading,GB,51.4562,-0.9711,60.48,88,20,5.75,few clouds
366,Sorland,NO,67.667,12.6934,49.14,72,95,12.93,overcast clouds
367,Te Anau,NZ,-45.4167,167.7167,44.2,90,99,1.95,overcast clouds
368,Roald,NO,62.5833,6.1333,54.0,76,90,6.91,overcast clouds
369,Geraldton,AU,-28.7667,114.6,44.13,93,40,8.05,scattered clouds
370,Saint-Joseph,RE,-21.3667,55.6167,66.56,74,37,9.13,scattered clouds
371,Talaya,RU,61.3833,152.75,38.21,96,100,10.98,overcast clouds
372,Thanh Hoa,VN,19.8,105.7667,77.54,93,98,3.27,moderate rain
373,Takoradi,GH,4.8845,-1.7554,75.51,89,19,5.57,few clouds
374,Saint-Georges,GD,12.0564,-61.7485,83.88,79,20,17.27,few clouds
375,Yerofey Pavlovich,RU,53.9667,121.9667,48.72,97,19,2.98,few clouds
376,Georgetown,MY,5.4112,100.3354,75.88,92,20,0.0,few clouds
377,Chara,RU,56.9064,118.2631,50.41,95,100,3.85,light rain
378,Marawi,PH,7.9986,124.2928,69.66,93,100,4.52,overcast clouds
379,Kultuk,RU,51.7208,103.6956,58.78,99,100,4.43,overcast clouds
380,Saint-Felicien,CA,48.6501,-72.4491,72.1,64,75,2.3,broken clouds
381,Korla,CN,41.7597,86.1469,75.42,18,100,6.49,overcast clouds
382,Vrangel,RU,42.7297,133.0839,72.97,82,83,9.89,broken clouds
383,Nome,US,64.5011,-165.4064,53.67,87,90,17.27,moderate rain
384,Bundaberg,AU,-24.85,152.35,66.49,94,8,8.05,clear sky
385,Cooma,AU,-36.2333,149.1333,28.17,100,90,5.75,overcast clouds
386,Roma,US,43.2128,-75.4557,65.86,94,90,3.44,overcast clouds
387,Fushan,CN,37.4958,121.2581,73.35,88,0,2.77,light rain
388,Montepuez,MZ,-13.1256,38.9997,64.56,63,27,7.99,scattered clouds
389,Sisimiut,GL,66.9395,-53.6735,54.95,61,0,2.24,clear sky
390,Bambamarca,PE,-6.6833,-78.5333,64.17,71,64,7.2,broken clouds
391,Ancud,CL,-41.8697,-73.8203,47.73,80,59,3.62,broken clouds
392,Barisal,BD,22.7019,90.3711,78.89,92,100,8.75,overcast clouds
393,Bagdarin,RU,54.4333,113.6,49.1,93,87,1.95,overcast clouds
394,Manitouwadge,CA,49.1215,-85.8403,63.32,64,62,5.21,broken clouds
395,Russkaya Polyana,UA,49.417,31.9201,73.24,74,46,7.58,scattered clouds
396,Coatesville,US,39.9832,-75.8238,75.69,87,90,1.01,overcast clouds
397,Santo Stino Di Livenza,IT,45.735,12.6808,66.97,91,14,6.53,few clouds
398,Valparaiso,CL,-33.0393,-71.6273,75.43,43,0,9.22,clear sky
399,Evensk,RU,61.95,159.2333,45.25,82,100,17.92,light rain
400,Bouna,CI,9.2667,-3.0,71.89,89,52,4.7,broken clouds
401,Effingham,US,32.3669,-81.3332,93.65,36,43,7.11,scattered clouds
402,Sabang,ID,5.8933,95.3214,82.31,73,100,26.08,overcast clouds
403,Saurimo,AO,-9.6608,20.3916,62.38,34,11,3.56,few clouds
404,Faanui,PF,-16.4833,-151.75,77.76,68,36,14.63,scattered clouds
405,Jember,ID,-8.166,113.7032,70.29,95,31,1.1,scattered clouds
406,Xuddur,SO,4.1213,43.8894,70.72,76,59,18.14,broken clouds
407,Hofn,IS,64.2539,-15.2082,53.71,94,99,4.76,overcast clouds
408,Dicabisagan,PH,17.0818,122.4157,81.27,81,100,3.31,light rain
409,Yulara,AU,-25.2406,130.9889,48.04,53,0,5.75,clear sky
410,Ambunti,PG,-4.2365,142.8448,75.18,97,40,0.51,scattered clouds
411,Bontang,ID,0.1333,117.5,76.26,92,60,6.89,broken clouds
412,Kieta,PG,-6.2167,155.6333,80.53,79,9,2.26,clear sky
413,Dogondoutchi,NE,13.6393,4.0287,87.1,54,74,14.05,broken clouds
414,Pedasi,PA,7.5333,-80.0333,83.19,74,100,6.85,overcast clouds
415,Havoysund,NO,70.9963,24.6622,45.48,80,100,9.62,overcast clouds
416,Mackay,AU,-21.15,149.2,69.67,82,2,3.36,clear sky
417,Karasburg,NA,-28.0167,18.75,55.31,25,0,0.94,clear sky
418,Letka,RU,59.6011,49.4232,58.39,82,85,4.88,overcast clouds
419,Penzance,GB,50.1186,-5.5371,56.41,78,30,10.56,scattered clouds
420,Guiratinga,BR,-16.3494,-53.7583,77.74,22,16,4.38,few clouds
421,Tuktoyaktuk,CA,69.4541,-133.0374,69.8,73,75,10.36,broken clouds
422,Marataizes,BR,-21.0433,-40.8244,64.76,73,28,7.07,scattered clouds
423,Arica,CL,-18.475,-70.3042,61.03,77,0,9.22,clear sky
424,Olafsvik,IS,64.8945,-23.7142,53.85,92,100,1.7,overcast clouds
425,Belaya Gora,RU,68.5333,146.4167,45.43,54,3,6.31,clear sky
426,Mahebourg,MU,-20.4081,57.7,66.49,94,75,8.05,light intensity shower rain
427,High Level,CA,58.5169,-117.136,89.71,37,20,2.3,few clouds
428,Mokhsogollokh,RU,61.4681,128.9203,65.01,59,92,5.19,overcast clouds
429,Jieshi,CN,22.8134,115.8257,83.95,87,100,6.02,overcast clouds
430,San Mateo Del Mar,MX,16.2,-95.0,88.68,63,88,25.03,overcast clouds
431,Matagami,CA,49.7502,-77.6328,62.71,59,40,10.36,scattered clouds
432,Lavrentiya,RU,65.5833,-171.0,41.14,84,100,12.68,light rain
433,Singapore,SG,1.2897,103.8501,78.75,90,75,1.14,broken clouds
434,Amahai,ID,-3.3333,128.9167,76.87,88,23,3.4,few clouds
435,Panguna,PG,-6.3164,155.4848,73.65,84,19,1.9,few clouds
436,Pacific Grove,US,36.6177,-121.9166,83.16,73,1,4.0,clear sky
437,Asosa,ET,10.0667,34.5333,59.43,85,100,3.11,overcast clouds
438,Ascension,US,30.2169,-90.9001,96.08,65,1,5.75,clear sky
439,Knoxville,US,35.9606,-83.9207,85.15,61,1,0.0,clear sky
440,Bethel,US,41.3712,-73.414,73.81,78,90,4.61,light rain
441,Caarapo,BR,-22.6342,-54.8222,60.89,62,55,4.99,broken clouds
442,Krasnyy Chikoy,RU,50.3643,108.7512,56.7,84,92,2.3,overcast clouds
443,Senador Guiomard,BR,-10.1522,-67.7392,83.95,27,2,5.48,clear sky
444,Tecoanapa,MX,16.5167,-98.75,87.28,64,49,9.75,scattered clouds
445,Boundiali,CI,9.5217,-6.4869,70.5,97,94,3.83,overcast clouds
446,Polunochnoye,RU,60.8697,60.4153,53.74,93,2,5.44,clear sky
447,Srinagar,IN,34.0833,74.8167,63.54,86,6,1.14,clear sky
448,Svetlogorsk,BY,52.6333,29.7333,68.0,80,74,5.79,broken clouds
449,Kismayo,SO,-0.3582,42.5454,75.29,84,43,18.41,scattered clouds
450,Patnos,TR,39.2336,42.8634,63.25,61,68,3.38,broken clouds
451,Mata,PT,40.683,-7.4592,63.93,90,85,3.02,overcast clouds
452,Talcahuano,CL,-36.7167,-73.1167,56.88,62,0,6.91,clear sky
453,Mayor Pablo Lagerenza,PY,-19.9309,-60.7718,67.3,24,99,5.82,overcast clouds
454,Juru,MY,5.312,100.4423,75.9,94,20,0.0,few clouds
455,Los Alamos,US,35.8881,-106.307,75.76,45,1,1.01,clear sky
456,Portobelo,PA,9.55,-79.65,84.61,83,100,3.49,overcast clouds
457,Guanica,PR,17.9716,-66.908,86.5,72,49,5.99,scattered clouds
458,Riviere-Du-Loup,CA,47.8304,-69.5342,73.35,56,81,8.05,broken clouds
459,Vila Franca Do Campo,PT,37.7167,-25.4333,72.01,96,87,8.81,overcast clouds
460,Wittmund,DE,53.5667,7.7833,57.04,90,26,8.93,scattered clouds
461,Kamaishi,JP,39.2667,141.8833,77.18,92,15,9.4,few clouds
462,Aklavik,CA,68.2191,-135.0107,84.92,36,98,18.03,overcast clouds
463,Nacala,MZ,-14.5428,40.6728,67.17,84,4,7.56,clear sky
464,Meadville,US,41.6414,-80.1515,72.12,64,1,4.61,clear sky
465,Sechura,PE,-5.5569,-80.8222,73.29,60,6,19.53,clear sky
466,Airai,TL,-8.9266,125.4092,56.1,85,23,2.82,few clouds
467,Mikuni,JP,36.2171,136.1519,78.71,78,5,6.69,clear sky
468,Guerrero Negro,MX,27.9769,-114.0611,83.82,54,3,13.38,clear sky
469,San Ramon,US,37.7799,-121.978,91.83,45,1,8.01,clear sky
470,Bonavista,CA,48.6499,-53.1147,66.2,72,93,19.98,overcast clouds
471,Izumo,JP,35.3667,132.7667,80.55,78,0,5.75,clear sky
472,Kologriv,RU,58.8275,44.3178,59.0,96,79,5.06,broken clouds
473,Saint-Louis,SN,16.3333,-15.0,92.84,48,57,16.02,broken clouds
474,Muros,ES,42.7762,-9.0603,65.08,88,100,6.49,overcast clouds
475,Broken Hill,AU,-31.95,141.4333,46.47,87,0,11.59,clear sky
476,Abeche,TD,13.8292,20.8324,74.98,75,100,6.64,overcast clouds
477,Lakes Entrance,AU,-37.8811,147.981,43.18,71,4,6.71,clear sky
478,Obihiro,JP,42.9172,143.2044,70.38,98,100,0.85,overcast clouds
479,Kysyl-Syr,RU,63.8986,122.7617,67.64,64,94,4.38,overcast clouds
480,Port-Gentil,GA,-0.7193,8.7815,75.16,94,75,10.36,light rain
481,Sakakah,SA,29.9697,40.2064,87.37,13,0,9.62,clear sky
482,Zlobin,HR,45.2924,14.6541,68.38,70,20,5.75,few clouds
483,Baherden,TM,38.4362,57.4316,83.08,12,12,8.3,few clouds
484,Qaqortoq,GL,60.7167,-46.0333,64.9,85,100,3.44,light rain
485,Oranjestad,AW,12.524,-70.027,85.95,70,20,26.46,few clouds
486,Villa Bruzual,VE,9.3328,-69.1208,75.99,95,79,5.19,broken clouds
487,Ulety,RU,51.3572,112.4849,54.81,88,46,2.3,scattered clouds
488,Gilleleje,DK,56.122,12.3106,61.86,63,10,17.87,clear sky
489,Kholtoson,RU,50.2981,103.3097,56.21,100,100,2.1,overcast clouds
490,Alice Springs,AU,-23.7,133.8833,54.95,62,40,8.05,scattered clouds
491,Macia,MZ,-25.0269,33.0989,61.43,54,1,6.15,clear sky
492,Tiruchchendur,IN,8.4833,78.1167,81.37,65,100,6.46,overcast clouds
493,Saint-Jean-De-Maurienne,FR,45.1667,6.5833,36.14,89,91,6.53,overcast clouds
494,Acapulco,MX,16.8634,-99.8901,89.42,66,20,11.5,few clouds
495,Moctezuma,MX,29.8,-109.6667,98.85,29,0,5.21,clear sky
496,Maunatlala,BW,-22.597,27.6301,57.11,33,0,3.71,clear sky
497,Boma,GH,7.0805,-2.1697,70.14,98,11,2.1,few clouds
498,Kloulklubed,PW,7.0419,134.2556,83.64,77,100,13.35,overcast clouds
499,Haverfordwest,GB,51.8017,-4.9691,57.54,90,8,8.63,clear sky
500,Teya,RU,60.3778,92.6267,56.28,82,99,2.06,overcast clouds
501,Tsabong,BW,-26.0217,22.401,54.48,27,0,5.32,clear sky
502,Sao Felix Do Xingu,BR,-6.6447,-51.995,85.19,35,100,2.95,overcast clouds
503,Imbituba,BR,-28.24,-48.6703,62.82,87,96,11.43,overcast clouds
504,Adeje,ES,28.1227,-16.726,69.51,71,0,23.02,clear sky
505,Saint George,US,37.1041,-113.5841,98.8,27,1,1.99,clear sky
506,Les Cayes,HT,18.2,-73.75,84.31,73,67,9.31,broken clouds
507,Kundian,PK,32.4587,71.4775,93.97,46,5,7.11,clear sky
508,Mbandaka,CD,0.0487,18.2603,71.98,80,100,3.49,overcast clouds
509,Port Hawkesbury,CA,45.6169,-61.3485,72.88,63,40,1.99,scattered clouds
510,Baruun-Urt,MN,46.6806,113.2792,58.26,58,1,6.44,clear sky
511,Atar,MR,20.5169,-13.0499,95.04,31,27,10.6,scattered clouds
512,Sur,OM,22.5667,59.5289,89.64,55,100,14.16,overcast clouds
513,Makat,KZ,47.6469,53.3463,87.66,18,1,5.7,clear sky
514,Kabalo,CD,-6.05,26.9167,75.83,38,1,4.99,clear sky
515,Teahupoo,PF,-17.8333,-149.2667,75.16,64,41,8.23,scattered clouds
516,Burnie,AU,-41.0667,145.9167,44.64,84,80,5.5,broken clouds
517,Fare,PF,-16.7,-151.0167,77.05,68,48,12.93,scattered clouds
518,Grindavik,IS,63.8424,-22.4338,53.56,93,90,3.44,overcast clouds
519,Namasuba,UG,0.6894,32.4214,64.22,59,75,2.28,broken clouds
520,Nanortalik,GL,60.1432,-45.2371,48.63,80,100,11.41,light rain
521,Araouane,ML,18.9048,-3.5265,96.35,32,2,10.45,clear sky
522,Sembakung,ID,3.8167,117.25,76.93,99,100,3.2,light rain
523,Tobane,BW,-21.95,27.9,55.92,40,0,2.26,clear sky
524,Ulaangom,MN,49.9811,92.0667,56.62,59,91,2.48,overcast clouds
525,Ibicarai,BR,-14.865,-39.5875,66.18,89,71,3.65,broken clouds
526,Tautira,PF,-17.7333,-149.15,80.62,63,43,7.74,scattered clouds
527,Kadan,CZ,50.3833,13.2667,60.22,93,100,6.87,overcast clouds
528,Clarksburg,US,39.2807,-80.3445,82.51,47,20,17.27,few clouds
529,Teknaf,BD,20.8624,92.3058,78.31,91,100,6.13,overcast clouds
530,Kedrovyy,RU,56.1667,91.8167,52.21,94,15,3.33,few clouds
531,Nyagan,RU,62.1406,65.3936,55.35,97,100,4.16,light rain
532,Murchison,NZ,-41.8,172.3333,51.58,93,96,0.58,overcast clouds
533,Cacu,BR,-18.5567,-51.1308,71.4,34,4,5.1,clear sky
534,Kariba,ZW,-16.5167,28.8,62.58,59,1,4.56,clear sky
535,La Ronge,CA,55.1001,-105.2842,86.25,25,75,8.05,smoke
536,Fort Nelson,CA,58.8053,-122.7002,89.19,40,1,3.44,smoke
537,Malumfashi,NG,11.7853,7.6218,69.71,94,96,11.01,light rain
538,Shitanjing,CN,39.2342,106.3439,69.26,30,46,8.99,scattered clouds
539,Riachao Das Neves,BR,-11.7461,-44.91,75.15,39,83,4.47,broken clouds
540,Bubaque,GW,11.2833,-15.8333,79.65,81,87,19.62,light rain
541,Pervomayskoye,RU,43.919,46.7102,74.32,66,96,9.98,overcast clouds
542,Gat,IL,31.61,34.7642,85.41,54,0,2.75,clear sky
543,Darhan,MN,49.4867,105.9228,62.47,85,100,6.26,overcast clouds
544,Coracora,PE,-15.0333,-73.7833,54.64,42,25,7.0,scattered clouds
545,Coruripe,BR,-10.1256,-36.1756,72.93,75,7,14.9,clear sky
546,Yermakovskoye,RU,53.2831,92.4003,54.0,87,49,2.71,scattered clouds
547,Ghatampur,IN,26.1667,80.1667,77.41,90,100,11.1,overcast clouds
548,Dauphin,CA,51.1494,-100.0502,80.74,41,1,5.75,haze
549,Nombre De Dios,MX,23.85,-104.2333,73.81,55,69,5.73,broken clouds
550,Tuxpan,MX,19.55,-103.4,80.37,68,13,3.98,few clouds
551,Gouyave,GD,12.1646,-61.7296,83.17,79,20,17.27,few clouds
552,Ust-Shonosha,RU,61.1531,41.343,57.38,99,100,5.88,overcast clouds
553,Russell,US,32.3502,-85.1999,94.28,49,20,9.22,few clouds
554,Tapes,BR,-30.6733,-51.3958,52.83,80,33,4.92,scattered clouds
555,Saint Anthony,US,45.0205,-93.218,80.94,36,40,5.01,scattered clouds
556,Emerald,AU,-23.5333,148.1667,64.54,100,0,5.75,clear sky
557,Bandarbeyla,SO,9.4942,50.8122,82.24,62,14,25.59,few clouds
558,Navrongo,GH,10.8956,-1.0921,78.98,72,74,4.41,broken clouds
559,Praia Da Vitoria,PT,38.7333,-27.0667,74.75,94,90,16.15,mist
560,Semporna,MY,4.4818,118.6112,77.2,84,95,2.8,heavy intensity rain
561,Canazas,PA,8.3167,-81.2167,79.41,86,100,1.81,overcast clouds
562,Miracema Do Tocantins,BR,-9.5618,-48.3967,83.71,33,11,5.21,few clouds
563,Waiuku,NZ,-37.25,174.75,61.09,86,93,4.59,overcast clouds
564,Buraydah,SA,26.326,43.975,90.05,10,6,2.98,clear sky
565,Nouadhibou,MR,20.931,-17.0347,75.18,73,0,14.97,clear sky
566,Nabire,ID,-3.3667,135.4833,75.56,92,87,3.22,overcast clouds
567,Sarahan,IN,31.5167,77.8,62.58,84,5,2.39,clear sky
568,Niamey,NE,13.5137,2.1098,84.49,61,20,9.22,thunderstorm
569,Vega De Alatorre,MX,20.0333,-96.6333,85.68,68,30,9.95,scattered clouds
570,Usinsk,RU,65.9939,57.5281,47.14,95,87,11.14,overcast clouds
571,Ajdabiya,LY,30.7554,20.2263,82.45,60,0,8.03,clear sky
572,Gizo,SB,-8.103,156.8419,80.4,81,49,12.3,light rain
573,Cocobeach,GA,1.0002,9.5823,78.73,85,100,10.02,moderate rain
574,Aksarka,RU,66.5606,67.7975,56.5,98,100,6.24,overcast clouds
575,Pekan,MY,3.4836,103.3996,77.11,92,78,6.15,broken clouds
576,San Policarpo,PH,12.1791,125.5072,82.74,76,98,9.42,overcast clouds
577,Pierre,US,44.3683,-100.351,91.99,33,20,9.22,few clouds
578,Buckeye,US,33.3703,-112.5838,107.42,27,100,9.22,overcast clouds
579,Rivers,CA,50.0308,-100.2403,77.95,20,0,5.91,clear sky
580,Shingu,JP,33.7333,135.9833,81.91,82,68,3.15,broken clouds
581,Rio Verde De Mato Grosso,BR,-18.9181,-54.8442,75.83,30,12,6.6,few clouds
582,Camopi,GF,3.1655,-52.3158,72.54,97,83,2.77,broken clouds
583,Kamenka,RU,51.3223,42.7678,70.93,72,27,6.69,scattered clouds
584,Anori,BR,-3.7728,-61.6442,82.24,51,49,1.41,scattered clouds
585,Napasar,IN,27.9667,73.55,84.6,70,99,17.02,overcast clouds
586,Namatanai,PG,-3.6667,152.4333,80.94,79,12,6.13,few clouds
587,Crotone,IT,39.0851,17.1178,85.95,48,0,4.61,clear sky
588,Bitung,ID,1.4451,125.1824,74.25,87,99,10.45,overcast clouds
589,Caravelas,BR,-17.7125,-39.2481,68.99,65,95,8.9,overcast clouds
590,Talnakh,RU,69.4865,88.3972,55.44,89,100,4.59,overcast clouds
591,Araguari,BR,-18.6472,-48.1872,73.69,44,15,2.64,few clouds
592,Tudela,ES,42.0617,-1.6045,66.07,66,6,8.52,clear sky
593,Iracoubo,GF,5.4802,-53.2011,78.98,81,52,8.48,broken clouds
594,Noyabrsk,RU,63.1994,75.4507,58.32,65,100,10.51,overcast clouds
595,Sri Aman,MY,1.2376,111.4621,75.25,94,98,0.0,light rain
596,Sambava,MG,-14.2667,50.1667,68.18,88,96,8.48,overcast clouds
597,Cabedelo,BR,-6.9811,-34.8339,75.87,76,4,18.99,clear sky
598,Gallup,US,35.5281,-108.7426,75.04,50,75,1.01,broken clouds
599,Arlit,NE,18.7369,7.3853,97.68,23,43,5.57,scattered clouds
600,Ostersund,SE,63.1792,14.6357,46.85,81,28,9.22,scattered clouds
601,Yar-Sale,RU,66.8333,70.8333,54.68,96,100,16.93,light rain
602,Flinders,AU,-34.5833,150.8552,49.05,91,6,1.01,clear sky
603,Elliot Lake,CA,46.3834,-82.6331,69.89,62,78,6.11,broken clouds
604,Ulladulla,AU,-35.35,150.4667,48.87,88,1,4.18,clear sky
605,Setermoen,NO,68.861,18.3486,46.44,91,89,3.4,overcast clouds
606,Bogdanovich,RU,56.7803,62.0494,59.16,87,27,8.08,scattered clouds
607,Tabou,CI,4.423,-7.3528,76.6,80,87,6.78,overcast clouds
608,Shahr-E Babak,IR,30.1165,55.1186,78.13,32,41,10.31,scattered clouds
609,Fatehpur Chaurasi,IN,26.7833,80.2667,78.85,89,100,10.54,overcast clouds
610,Imeni Zhelyabova,RU,58.9544,36.5956,61.21,95,66,5.79,broken clouds
611,Lufilufi,WS,-13.8745,-171.5986,80.38,82,91,21.61,light rain
612,Hurricane,US,37.1753,-113.2899,96.87,29,2,5.86,clear sky
613,Cuite,BR,-6.4836,-36.1536,68.27,72,55,14.05,broken clouds
614,Westport,US,41.1415,-73.3579,75.85,60,90,5.99,overcast clouds
615,Karaton,ID,-6.3424,106.1045,77.95,95,20,0.89,few clouds
616,Taoudenni,ML,22.6783,-3.9836,100.22,24,97,16.96,overcast clouds
617,Rorvik,NO,64.8621,11.2373,52.23,67,94,14.65,overcast clouds
618,Cockburn Town,TC,21.4612,-71.1419,85.96,66,40,13.8,scattered clouds
619,Letterkenny,IE,54.95,-7.7333,47.61,92,53,2.33,broken clouds
620,Grand-Lahou,CI,5.1367,-5.0242,74.93,91,4,5.93,clear sky
621,Biak,ID,-0.9131,122.8766,74.79,85,26,5.97,scattered clouds
622,Nuuk,GL,64.1835,-51.7216,61.41,55,75,4.61,broken clouds
623,Comodoro Rivadavia,AR,-45.8667,-67.5,64.26,19,0,13.8,clear sky
624,Tobermory,CA,45.2501,-81.6665,64.31,67,100,7.65,overcast clouds
625,Chapais,CA,49.7834,-74.8492,60.58,62,98,7.63,overcast clouds
626,Harper,LR,4.375,-7.7169,76.41,78,84,6.58,broken clouds
627,Eyl,SO,7.9803,49.8164,82.26,63,49,29.8,scattered clouds
628,Kodinsk,RU,58.6881,99.1844,56.68,99,100,5.32,overcast clouds
629,Shenxian,CN,36.2411,115.6672,71.19,85,50,7.9,light rain
630,Durham,US,36.0335,-78.8664,88.86,67,75,3.44,broken clouds
631,Solone,UA,48.2081,34.8721,72.09,48,1,3.11,clear sky
632,Florence,IT,43.7667,11.25,73.51,74,0,3.44,clear sky
633,Alugan,PH,12.2188,125.4808,82.58,76,97,9.1,overcast clouds
634,Tamandare,BR,-8.7597,-35.1047,73.9,80,8,14.65,clear sky
635,Sol-Iletsk,RU,51.1631,54.9918,76.08,37,13,6.08,few clouds
636,Harrismith,ZA,-28.2728,29.1295,42.01,29,36,1.66,scattered clouds
637,Bafq,IR,31.6128,55.4107,85.64,13,33,6.96,scattered clouds
638,Aykhal,RU,66.0,111.5,68.59,43,59,3.89,broken clouds
639,Walvis Bay,NA,-22.9575,14.5053,72.55,17,0,18.41,clear sky
640,Camocim,BR,-2.9022,-40.8411,79.18,74,97,11.99,overcast clouds
641,Beruwala,LK,6.4788,79.9828,78.49,86,100,8.88,overcast clouds
642,Natal,BR,-5.795,-35.2094,79.45,73,0,14.97,clear sky
643,Conakry,GN,9.538,-13.6773,77.81,85,92,12.48,light rain
644,Marsa Matruh,EG,31.3525,27.2453,80.8,89,0,9.22,clear sky
645,Muli,MV,2.9167,73.5667,82.45,71,100,8.5,moderate rain
646,Nagorsk,RU,59.3172,50.8078,57.6,88,95,4.59,light rain
647,Vaitape,PF,-16.5167,-151.75,77.72,68,38,14.61,scattered clouds
648,Mattru,SL,7.6244,-11.8332,73.44,95,99,3.51,light rain
649,Sept-Iles,CA,50.2001,-66.3821,66.72,68,75,5.01,broken clouds
650,Atagay,RU,55.1033,99.3875,54.97,99,100,4.61,light rain
651,Ifakara,TZ,-8.1333,36.6833,71.73,60,88,3.49,overcast clouds
652,Inzhavino,RU,52.3185,42.4937,72.14,57,17,5.01,few clouds
653,Ugoofaaru,MV,5.6667,73.0,82.62,76,98,13.38,overcast clouds
654,Plaster Rock,CA,46.9065,-67.39,73.92,64,94,4.38,overcast clouds
655,Greensboro,US,36.0726,-79.792,85.82,59,75,1.99,broken clouds
656,Svolvaer,NO,68.2342,14.5683,49.5,82,85,5.77,overcast clouds
657,Vama,RO,47.5667,25.6833,72.55,60,55,5.01,moderate rain
658,Acarau,BR,-2.8856,-40.12,78.46,77,83,13.4,broken clouds
659,Pangody,RU,65.85,74.4859,59.34,63,100,12.68,overcast clouds
660,Birao,CF,10.2849,22.7882,69.3,95,51,5.28,broken clouds
661,Itambacuri,BR,-18.0311,-41.685,63.3,53,93,6.15,overcast clouds
662,Zverinogolovskoye,RU,54.4586,64.8542,64.72,72,47,7.49,scattered clouds
663,Sao Gabriel Da Cachoeira,BR,-0.1303,-67.0892,78.98,68,71,2.89,broken clouds
664,Atambua,ID,-9.1061,124.8925,69.66,88,45,5.23,scattered clouds
665,Watsa,CD,3.0372,29.5355,63.84,96,99,3.11,light rain
